Filename;ID;Species
1521739498.jpg;1521739498;Bartfledermaus
1521739498.jpg;1521739498;Bartfledermaus
1521740915.jpg;1521740915;Fransenfledermaus
1521740915.jpg;1521740915;Fransenfledermaus
1521740978.jpg;1521740978;Mausohr
1521740978.jpg;1521740978;Mausohr
1521741393.jpg;1521741393;Wasserfledermaus
1521741393.jpg;1521741393;Bartfledermaus
1521741705.jpg;1521741705;Fransenfledermaus
1521741705.jpg;1521741705;Fledermaus nicht bestimmbar
1521741728.jpg;1521741728;Fledermaus nicht bestimmbar
1521741728.jpg;1521741728;Fledermaus nicht bestimmbar
1521742058.jpg;1521742058;Bartfledermaus
1521742058.jpg;1521742058;Bartfledermaus
1521742206.jpg;1521742206;Fransenfledermaus
1521742434.jpg;1521742434;Fledermaus nicht bestimmbar
1521742835.jpg;1521742835;Wasserfledermaus
1521742909.jpg;1521742909;Wasserfledermaus
1521743172.jpg;1521743172;Wasserfledermaus
1521743436.jpg;1521743436;Wasserfledermaus
1521745395.jpg;1521745395;Fransenfledermaus
1521745589.jpg;1521745589;Fransenfledermaus
1521746475.jpg;1521746475;Fransenfledermaus
1521746510.jpg;1521746510;Fransenfledermaus
1521746548.jpg;1521746548;Fransenfledermaus
1521746636.jpg;1521746636;Fransenfledermaus
1521746641.jpg;1521746641;Fransenfledermaus
1521746680.jpg;1521746680;Fransenfledermaus
1521747217.jpg;1521747217;Wasserfledermaus
1521747605.jpg;1521747605;Fransenfledermaus
1521747643.jpg;1521747643;Schwarzbild
1521747669.jpg;1521747669;Fransenfledermaus
1521748008.jpg;1521748008;Fransenfledermaus
1521748168.jpg;1521748168;Fransenfledermaus
1521748196.jpg;1521748196;Fransenfledermaus
1521748652.jpg;1521748652;Fransenfledermaus
1521748888.jpg;1521748888;Fransenfledermaus
1521749636.jpg;1521749636;Langohrfledermaus
1521749685.jpg;1521749685;Fransenfledermaus
1521750067.jpg;1521750067;Fransenfledermaus
1521750377.jpg;1521750377;Fledermaus nicht bestimmbar
1521750687.jpg;1521750687;Fransenfledermaus
1521750755.jpg;1521750755;Fransenfledermaus
1521751099.jpg;1521751099;Fledermaus nicht bestimmbar
1521751114.jpg;1521751114;Langohrfledermaus
1521751141.jpg;1521751141;Fledermaus nicht bestimmbar
1521751149.jpg;1521751149;Langohrfledermaus
1521751475.jpg;1521751475;Langohrfledermaus
1521751493.jpg;1521751493;Fransenfledermaus
1521751881.jpg;1521751881;Wasserfledermaus
1521751982.jpg;1521751982;Wasserfledermaus
1521752033.jpg;1521752033;Fransenfledermaus
1521752277.jpg;1521752277;Mausohr
1521753677.jpg;1521753677;Langohrfledermaus
1521753705.jpg;1521753705;Langohrfledermaus
1521753837.jpg;1521753837;Langohrfledermaus
1521753905.jpg;1521753905;Langohrfledermaus
1521754072.jpg;1521754072;Langohrfledermaus
1521754320.jpg;1521754320;Fransenfledermaus
1521754326.jpg;1521754326;Schwarzbild
1521754395.jpg;1521754395;Mausohr
1521754950.jpg;1521754950;Mausohr
1521755911.jpg;1521755911;Mausohr
1521755917.jpg;1521755917;Fransenfledermaus
1521757557.jpg;1521757557;Mausohr
1521757969.jpg;1521757969;Langohrfledermaus
1521758699.jpg;1521758699;Fransenfledermaus
1521758877.jpg;1521758877;Langohrfledermaus
1521758910.jpg;1521758910;Wasserfledermaus
1521760319.jpg;1521760319;Wasserfledermaus
1521760326.jpg;1521760326;Fransenfledermaus
1521761769.jpg;1521761769;Fransenfledermaus
1521763437.jpg;1521763437;Fransenfledermaus
1521763705.jpg;1521763705;Mausohr
1521764210.jpg;1521764210;Fransenfledermaus
1521764223.jpg;1521764223;Schwarzbild
1521764653.jpg;1521764653;Fransenfledermaus
1521765031.jpg;1521765031;Fransenfledermaus
1521765070.jpg;1521765070;Schwarzbild
1521765133.jpg;1521765133;Fransenfledermaus
1521765507.jpg;1521765507;Fransenfledermaus
1521765865.jpg;1521765865;Fransenfledermaus
1521766379.jpg;1521766379;Fransenfledermaus
1521766405.jpg;1521766405;Fransenfledermaus
1521766530.jpg;1521766530;Fransenfledermaus
1521766651.jpg;1521766651;Fransenfledermaus
1521766768.jpg;1521766768;Fransenfledermaus
1521767002.jpg;1521767002;Fransenfledermaus
1521767413.jpg;1521767413;Fransenfledermaus
1521767419.jpg;1521767419;Schwarzbild
1521767490.jpg;1521767490;Fransenfledermaus
1521767696.jpg;1521767696;Fransenfledermaus
1521767877.jpg;1521767877;Fransenfledermaus
1521768083.jpg;1521768083;Fransenfledermaus
1521768083.jpg;1521768083;Bartfledermaus
1521768138.jpg;1521768138;Fransenfledermaus
1521768387.jpg;1521768387;Fransenfledermaus
1521768788.jpg;1521768788;Fransenfledermaus
1521768801.jpg;1521768801;Fransenfledermaus
1521769464.jpg;1521769464;Fransenfledermaus
1521769497.jpg;1521769497;Fransenfledermaus
1521769548.jpg;1521769548;Schwarzbild
1521770099.jpg;1521770099;Wasserfledermaus
1521770567.jpg;1521770567;Wasserfledermaus
1521770900.jpg;1521770900;Fransenfledermaus
1521771439.jpg;1521771439;Fransenfledermaus
1521771508.jpg;1521771508;Fransenfledermaus
1521771691.jpg;1521771691;Mausohr
1521771955.jpg;1521771955;Fransenfledermaus
1521772895.jpg;1521772895;Fransenfledermaus
1521773056.jpg;1521773056;Fransenfledermaus
1521773159.jpg;1521773159;Fransenfledermaus
1521773170.jpg;1521773170;Fledermaus nicht bestimmbar
1521774421.jpg;1521774421;Schwarzbild
1521774429.jpg;1521774429;Schwarzbild
1521774596.jpg;1521774596;Fransenfledermaus
1521775549.jpg;1521775549;Fransenfledermaus
1521776280.jpg;1521776280;Bartfledermaus
1521776572.jpg;1521776572;Fransenfledermaus
1521776622.jpg;1521776622;Fransenfledermaus
1521776993.jpg;1521776993;Fransenfledermaus
1521777096.jpg;1521777096;Fransenfledermaus
1521777496.jpg;1521777496;Fransenfledermaus
1521778103.jpg;1521778103;Fransenfledermaus
1521778346.jpg;1521778346;Fransenfledermaus
1521778353.jpg;1521778353;Schwarzbild
1521779304.jpg;1521779304;Fransenfledermaus
1521779312.jpg;1521779312;Fransenfledermaus
1521779767.jpg;1521779767;Fransenfledermaus
1521779793.jpg;1521779793;Schwarzbild
1521780721.jpg;1521780721;Fransenfledermaus
1521780895.jpg;1521780895;Fransenfledermaus
1521781004.jpg;1521781004;Fransenfledermaus
1521781020.jpg;1521781020;Schwarzbild
1521781049.jpg;1521781049;Fransenfledermaus
1521781136.jpg;1521781136;Schwarzbild
1521781787.jpg;1521781787;Fransenfledermaus
1521782016.jpg;1521782016;Fransenfledermaus
1521782016.jpg;1521782016;Fransenfledermaus
1521783226.jpg;1521783226;Fransenfledermaus
1521783835.jpg;1521783835;Fransenfledermaus
1521783848.jpg;1521783848;Fransenfledermaus
1521783855.jpg;1521783855;Fledermaus nicht bestimmbar
1521784108.jpg;1521784108;Fransenfledermaus
1521784492.jpg;1521784492;Fransenfledermaus
1521784726.jpg;1521784726;Fransenfledermaus
1521785364.jpg;1521785364;Fransenfledermaus
1521785781.jpg;1521785781;Fransenfledermaus
1521786893.jpg;1521786893;Fransenfledermaus
1521786900.jpg;1521786900;Fransenfledermaus
1521786909.jpg;1521786909;Fransenfledermaus
1521786918.jpg;1521786918;Fransenfledermaus
1521786956.jpg;1521786956;Wasserfledermaus
1521787415.jpg;1521787415;Fransenfledermaus
1521787725.jpg;1521787725;Fledermaus nicht bestimmbar
1521788079.jpg;1521788079;Fransenfledermaus
1521788750.jpg;1521788750;Fransenfledermaus
1521788857.jpg;1521788857;Fransenfledermaus
1521789162.jpg;1521789162;Langohrfledermaus
1521789433.jpg;1521789433;Fransenfledermaus
1521790136.jpg;1521790136;Fransenfledermaus
1521790152.jpg;1521790152;Wasserfledermaus
1521790188.jpg;1521790188;Fransenfledermaus
1521790493.jpg;1521790493;Langohrfledermaus
1521791172.jpg;1521791172;Fransenfledermaus
1521791427.jpg;1521791427;Bartfledermaus
1521791450.jpg;1521791450;Fledermaus nicht bestimmbar
1521791556.jpg;1521791556;Fransenfledermaus
1521791570.jpg;1521791570;Fransenfledermaus
1521791681.jpg;1521791681;Fransenfledermaus
1521792304.jpg;1521792304;Schwarzbild
1521792710.jpg;1521792710;Fransenfledermaus
1521793663.jpg;1521793663;Wasserfledermaus
1521794001.jpg;1521794001;Fledermaus nicht bestimmbar
1521794011.jpg;1521794011;Fledermaus nicht bestimmbar
1521794095.jpg;1521794095;Fransenfledermaus
1521794182.jpg;1521794182;Fransenfledermaus
1521794268.jpg;1521794268;Wasserfledermaus
1521794288.jpg;1521794288;Fransenfledermaus
1521794544.jpg;1521794544;Fransenfledermaus
1521794553.jpg;1521794553;Fransenfledermaus
1521794662.jpg;1521794662;Fransenfledermaus
1521794700.jpg;1521794700;Fransenfledermaus
1521794758.jpg;1521794758;Fransenfledermaus
1521796294.jpg;1521796294;Fransenfledermaus
1521796340.jpg;1521796340;Fransenfledermaus
1521796505.jpg;1521796505;Fransenfledermaus
1521796537.jpg;1521796537;Fledermaus nicht bestimmbar
1521796607.jpg;1521796607;Fransenfledermaus
1521797538.jpg;1521797538;Fransenfledermaus
1521797794.jpg;1521797794;Fransenfledermaus
1521797802.jpg;1521797802;Fransenfledermaus
1521797836.jpg;1521797836;Fransenfledermaus
1521797847.jpg;1521797847;Schwarzbild
1521797896.jpg;1521797896;Fransenfledermaus
1521798521.jpg;1521798521;Fransenfledermaus
1521798585.jpg;1521798585;Fransenfledermaus
1521798606.jpg;1521798606;Schwarzbild
1521798700.jpg;1521798700;Langohrfledermaus
1521798983.jpg;1521798983;Fransenfledermaus
1521799263.jpg;1521799263;Fransenfledermaus
1521799699.jpg;1521799699;Fledermaus nicht bestimmbar
1521799892.jpg;1521799892;Langohrfledermaus
1521800200.jpg;1521800200;Fransenfledermaus
1521800382.jpg;1521800382;Fransenfledermaus
1521800481.jpg;1521800481;Fransenfledermaus
1521800824.jpg;1521800824;Fransenfledermaus
1521800824.jpg;1521800824;Fransenfledermaus
1521800835.jpg;1521800835;Schwarzbild
1521800852.jpg;1521800852;Fransenfledermaus
1521801037.jpg;1521801037;Fransenfledermaus
1521801046.jpg;1521801046;Schwarzbild
1521801137.jpg;1521801137;Fransenfledermaus
1521801227.jpg;1521801227;Langohrfledermaus
1521801343.jpg;1521801343;Langohrfledermaus
1521802036.jpg;1521802036;Fransenfledermaus
1521802137.jpg;1521802137;Fransenfledermaus
1521802438.jpg;1521802438;Fransenfledermaus
1521802481.jpg;1521802481;Fransenfledermaus
1521802505.jpg;1521802505;Fransenfledermaus
1521802559.jpg;1521802559;Fransenfledermaus
1521802587.jpg;1521802587;Fransenfledermaus
1521802613.jpg;1521802613;Fransenfledermaus
1521802635.jpg;1521802635;Fransenfledermaus
1521802663.jpg;1521802663;Fransenfledermaus
1521802713.jpg;1521802713;Fransenfledermaus
1521802724.jpg;1521802724;Fledermaus nicht bestimmbar
1521803165.jpg;1521803165;Fransenfledermaus
1521803267.jpg;1521803267;Langohrfledermaus
1521803498.jpg;1521803498;Fransenfledermaus
1521804231.jpg;1521804231;Fransenfledermaus
1521804231.jpg;1521804231;Fransenfledermaus
1521805192.jpg;1521805192;Fransenfledermaus
1521805221.jpg;1521805221;Langohrfledermaus
1521805542.jpg;1521805542;Fransenfledermaus
1521805610.jpg;1521805610;Fransenfledermaus
1521805807.jpg;1521805807;Fransenfledermaus
1521806444.jpg;1521806444;Fransenfledermaus
1521806570.jpg;1521806570;Fransenfledermaus
1521807075.jpg;1521807075;Fransenfledermaus
1521807145.jpg;1521807145;Schwarzbild
1521807724.jpg;1521807724;Fransenfledermaus
1521807757.jpg;1521807757;Fransenfledermaus
1521807792.jpg;1521807792;Fransenfledermaus
1521807926.jpg;1521807926;Fransenfledermaus
1521807993.jpg;1521807993;Fransenfledermaus
1521808972.jpg;1521808972;Fransenfledermaus
1521809054.jpg;1521809054;Fransenfledermaus
1521809473.jpg;1521809473;Fransenfledermaus
1521809774.jpg;1521809774;Fransenfledermaus
1521809842.jpg;1521809842;Fransenfledermaus
1521810428.jpg;1521810428;Mausohr
1521810716.jpg;1521810716;Fransenfledermaus
1521811235.jpg;1521811235;Fransenfledermaus
1521811334.jpg;1521811334;Langohrfledermaus
1521811774.jpg;1521811774;Fransenfledermaus
1521812343.jpg;1521812343;Fransenfledermaus
1521812364.jpg;1521812364;Fransenfledermaus
1521812407.jpg;1521812407;Fransenfledermaus
1521812518.jpg;1521812518;Schwarzbild
1521812618.jpg;1521812618;Fransenfledermaus
1521813343.jpg;1521813343;Fransenfledermaus
1521814192.jpg;1521814192;Fransenfledermaus
1521814537.jpg;1521814537;Mausohr
1521814571.jpg;1521814571;Fransenfledermaus
1521814610.jpg;1521814610;Fransenfledermaus
1521814625.jpg;1521814625;Schwarzbild
1521815216.jpg;1521815216;Fransenfledermaus
1521815318.jpg;1521815318;Fransenfledermaus
1521815327.jpg;1521815327;Fransenfledermaus
1521815343.jpg;1521815343;Fransenfledermaus
1521816139.jpg;1521816139;Fransenfledermaus
1521817342.jpg;1521817342;Fransenfledermaus
1521817939.jpg;1521817939;Fransenfledermaus
1521817955.jpg;1521817955;Schwarzbild
1521818469.jpg;1521818469;Fransenfledermaus
1521818639.jpg;1521818639;Fransenfledermaus
1521818639.jpg;1521818639;Fransenfledermaus
1521818647.jpg;1521818647;Fledermaus nicht bestimmbar
1521818769.jpg;1521818769;Fransenfledermaus
1521818810.jpg;1521818810;Fransenfledermaus
1521818987.jpg;1521818987;Fransenfledermaus
1521819155.jpg;1521819155;Fransenfledermaus
1521819155.jpg;1521819155;Fransenfledermaus
1521819632.jpg;1521819632;Fransenfledermaus
1521819632.jpg;1521819632;Fransenfledermaus
1521821496.jpg;1521821496;Wasserfledermaus
1521824690.jpg;1521824690;Wasserfledermaus
1521825062.jpg;1521825062;Wasserfledermaus
1521825079.jpg;1521825079;Fledermaus nicht bestimmbar
1521825715.jpg;1521825715;Fransenfledermaus
1521825948.jpg;1521825948;Fransenfledermaus
1521825956.jpg;1521825956;Fransenfledermaus
1521825974.jpg;1521825974;Fransenfledermaus
1521825989.jpg;1521825989;Fledermaus nicht bestimmbar
1521826136.jpg;1521826136;Fransenfledermaus
1521826177.jpg;1521826177;Fransenfledermaus
1521826304.jpg;1521826304;Fransenfledermaus
1521826615.jpg;1521826615;Fransenfledermaus
1521826807.jpg;1521826807;Fransenfledermaus
1521827184.jpg;1521827184;Fransenfledermaus
1521827626.jpg;1521827626;Fledermaus nicht bestimmbar
1521827753.jpg;1521827753;Fransenfledermaus
1521827761.jpg;1521827761;Fransenfledermaus
1521828152.jpg;1521828152;Fransenfledermaus
1521828211.jpg;1521828211;Fransenfledermaus
1521828441.jpg;1521828441;Fransenfledermaus
1521828538.jpg;1521828538;Fransenfledermaus
1521828538.jpg;1521828538;Fransenfledermaus
1521828596.jpg;1521828596;Schwarzbild
1521828624.jpg;1521828624;Fransenfledermaus
1521828657.jpg;1521828657;Fransenfledermaus
1521829537.jpg;1521829537;Fransenfledermaus
1521829659.jpg;1521829659;Fransenfledermaus
1521829818.jpg;1521829818;Fransenfledermaus
1521830093.jpg;1521830093;Fransenfledermaus
1521830173.jpg;1521830173;Fransenfledermaus
1521831211.jpg;1521831211;Fransenfledermaus
1521832069.jpg;1521832069;Wasserfledermaus
1521832630.jpg;1521832630;Mausohr
1521832705.jpg;1521832705;Wasserfledermaus
1521832786.jpg;1521832786;Fransenfledermaus
1521833885.jpg;1521833885;Fransenfledermaus
1521834659.jpg;1521834659;Wasserfledermaus
1521834674.jpg;1521834674;Fledermaus nicht bestimmbar
1521834699.jpg;1521834699;Fransenfledermaus
1521834811.jpg;1521834811;Fransenfledermaus
1521834876.jpg;1521834876;Fransenfledermaus
1521834888.jpg;1521834888;Langohrfledermaus
1521835800.jpg;1521835800;Wasserfledermaus
1521836388.jpg;1521836388;Fransenfledermaus
1521836714.jpg;1521836714;Fledermaus nicht bestimmbar
1521836734.jpg;1521836734;Langohrfledermaus
1521836891.jpg;1521836891;Wasserfledermaus
1521837890.jpg;1521837890;Fledermaus nicht bestimmbar
1521839162.jpg;1521839162;Fransenfledermaus
1521840037.jpg;1521840037;Fransenfledermaus
1521840047.jpg;1521840047;Fledermaus nicht bestimmbar
1521840861.jpg;1521840861;Fransenfledermaus
1521840871.jpg;1521840871;Schwarzbild
1521841200.jpg;1521841200;Mausohr
1521841627.jpg;1521841627;Langohrfledermaus
1521841944.jpg;1521841944;Wasserfledermaus
1521841984.jpg;1521841984;Wasserfledermaus
1521841999.jpg;1521841999;Fledermaus nicht bestimmbar
1521842252.jpg;1521842252;Langohrfledermaus
1521842967.jpg;1521842967;Wasserfledermaus
1521843855.jpg;1521843855;Wasserfledermaus
1521844289.jpg;1521844289;Fransenfledermaus
1521845248.jpg;1521845248;Langohrfledermaus
1521846214.jpg;1521846214;Langohrfledermaus
1521846610.jpg;1521846610;Langohrfledermaus
1521846863.jpg;1521846863;Fransenfledermaus
1521847062.jpg;1521847062;Wasserfledermaus
1521848138.jpg;1521848138;Langohrfledermaus
1521848709.jpg;1521848709;Fransenfledermaus
1521848866.jpg;1521848866;Wasserfledermaus
1521849579.jpg;1521849579;Wasserfledermaus
1521849656.jpg;1521849656;Fransenfledermaus
1521849672.jpg;1521849672;Schwarzbild
1521849700.jpg;1521849700;Wasserfledermaus
1521850151.jpg;1521850151;Wasserfledermaus
1521850851.jpg;1521850851;Langohrfledermaus
1521850925.jpg;1521850925;Fransenfledermaus
1521850963.jpg;1521850963;Fransenfledermaus
1521851092.jpg;1521851092;Fransenfledermaus
1521851228.jpg;1521851228;Wasserfledermaus
1521851564.jpg;1521851564;Wasserfledermaus
1521851711.jpg;1521851711;Schwarzbild
1521851722.jpg;1521851722;Langohrfledermaus
1521852180.jpg;1521852180;Langohrfledermaus
1521852200.jpg;1521852200;Langohrfledermaus
1521852352.jpg;1521852352;Mausohr
1521855607.jpg;1521855607;Langohrfledermaus
1521857780.jpg;1521857780;Wasserfledermaus
1521858043.jpg;1521858043;Wasserfledermaus
1521858196.jpg;1521858196;Fransenfledermaus
1521858207.jpg;1521858207;Bartfledermaus
1521858449.jpg;1521858449;Fransenfledermaus
1521858672.jpg;1521858672;Fransenfledermaus
1521858700.jpg;1521858700;Schwarzbild
1521858727.jpg;1521858727;Fransenfledermaus
1521858798.jpg;1521858798;Fransenfledermaus
1521859335.jpg;1521859335;Fransenfledermaus
1521859457.jpg;1521859457;Fransenfledermaus
1521859463.jpg;1521859463;Fransenfledermaus
1521859468.jpg;1521859468;Schwarzbild
1521859661.jpg;1521859661;Wasserfledermaus
1521859888.jpg;1521859888;Mausohr
1521859992.jpg;1521859992;Wasserfledermaus
1521861312.jpg;1521861312;Bechsteinfledermaus
1521861372.jpg;1521861372;Bechsteinfledermaus
1521861466.jpg;1521861466;Wasserfledermaus
1521862626.jpg;1521862626;Wasserfledermaus
1521863504.jpg;1521863504;Fransenfledermaus
1521863737.jpg;1521863737;Bartfledermaus
1521863907.jpg;1521863907;Wasserfledermaus
1521864055.jpg;1521864055;Fransenfledermaus
1521864494.jpg;1521864494;Fransenfledermaus
1521864795.jpg;1521864795;Wasserfledermaus
1521864809.jpg;1521864809;Fransenfledermaus
1521864815.jpg;1521864815;Fransenfledermaus
1521864901.jpg;1521864901;Fransenfledermaus
1521865043.jpg;1521865043;Fransenfledermaus
1521865777.jpg;1521865777;Mausohr
1521866655.jpg;1521866655;Fransenfledermaus
1521866999.jpg;1521866999;Fransenfledermaus
1521868106.jpg;1521868106;Fransenfledermaus
1521868119.jpg;1521868119;Fransenfledermaus
1521869488.jpg;1521869488;Fransenfledermaus
1521869656.jpg;1521869656;Mausohr
1521869963.jpg;1521869963;Mausohr
1521870653.jpg;1521870653;Fransenfledermaus
1521870828.jpg;1521870828;Wasserfledermaus
1521870837.jpg;1521870837;Fransenfledermaus
1521871110.jpg;1521871110;Fransenfledermaus
1521873752.jpg;1521873752;Mausohr
1521874134.jpg;1521874134;Mausohr
1521875231.jpg;1521875231;Mausohr
1521875244.jpg;1521875244;Schwarzbild
1521876043.jpg;1521876043;Mausohr
1521877028.jpg;1521877028;Fransenfledermaus
1521877036.jpg;1521877036;Schwarzbild
1521877138.jpg;1521877138;Mausohr
1521877229.jpg;1521877229;Schwarzbild
1521878938.jpg;1521878938;Fransenfledermaus
1521878945.jpg;1521878945;Fledermaus nicht bestimmbar
1521879198.jpg;1521879198;Fransenfledermaus
1521879231.jpg;1521879231;Fledermaus nicht bestimmbar
1521880233.jpg;1521880233;Fransenfledermaus
1521880277.jpg;1521880277;Fransenfledermaus
1521880298.jpg;1521880298;Mausohr
1521880929.jpg;1521880929;Fransenfledermaus
1521881220.jpg;1521881220;Fransenfledermaus
1521881250.jpg;1521881250;Mausohr
1521881257.jpg;1521881257;Fledermaus nicht bestimmbar
1521881761.jpg;1521881761;Mausohr
1521883771.jpg;1521883771;Mausohr
1521884719.jpg;1521884719;Fransenfledermaus
1521885114.jpg;1521885114;Fransenfledermaus
1521885566.jpg;1521885566;Fledermaus nicht bestimmbar
1521886629.jpg;1521886629;Fledermaus nicht bestimmbar
1521887306.jpg;1521887306;Mausohr
1521887564.jpg;1521887564;Mausohr
1521887975.jpg;1521887975;Mausohr
1521888017.jpg;1521888017;Fransenfledermaus
1521888028.jpg;1521888028;Fransenfledermaus
1521888383.jpg;1521888383;Fransenfledermaus
1521888925.jpg;1521888925;Fransenfledermaus
1521889802.jpg;1521889802;Fransenfledermaus
1521891186.jpg;1521891186;Fransenfledermaus
1521891215.jpg;1521891215;Schwarzbild
1521891949.jpg;1521891949;Fransenfledermaus
1521891955.jpg;1521891955;Schwarzbild
1521895506.jpg;1521895506;Fransenfledermaus
1521895512.jpg;1521895512;Schwarzbild
1521895616.jpg;1521895616;Mausohr
1521897815.jpg;1521897815;Fransenfledermaus
1521897823.jpg;1521897823;Fransenfledermaus
1521897884.jpg;1521897884;Fransenfledermaus
1521897895.jpg;1521897895;Fledermaus nicht bestimmbar
1521900702.jpg;1521900702;Fransenfledermaus
1521902651.jpg;1521902651;Fransenfledermaus
1521902669.jpg;1521902669;Fledermaus nicht bestimmbar
1521902848.jpg;1521902848;Fransenfledermaus
1521903082.jpg;1521903082;Fledermaus nicht bestimmbar
1521904411.jpg;1521904411;Fransenfledermaus
1521904447.jpg;1521904447;Fransenfledermaus
1521904574.jpg;1521904574;Fransenfledermaus
1521904602.jpg;1521904602;Fledermaus nicht bestimmbar
1521904704.jpg;1521904704;Fransenfledermaus
1521906072.jpg;1521906072;Mausohr
1521906439.jpg;1521906439;Fransenfledermaus
1521907835.jpg;1521907835;Fransenfledermaus
1521907878.jpg;1521907878;Schwarzbild
1521907999.jpg;1521907999;Fransenfledermaus
1521908220.jpg;1521908220;Fransenfledermaus
1521908389.jpg;1521908389;Große Hufeisennase
1521908510.jpg;1521908510;Fransenfledermaus
1521914143.jpg;1521914143;Langohrfledermaus
1521914316.jpg;1521914316;Große Hufeisennase
1521914531.jpg;1521914531;Fransenfledermaus
1521914625.jpg;1521914625;Fransenfledermaus
1521914992.jpg;1521914992;Langohrfledermaus
1521915456.jpg;1521915456;Langohrfledermaus
1521915878.jpg;1521915878;Schwarzbild
1521916126.jpg;1521916126;Schwarzbild
1521916159.jpg;1521916159;Langohrfledermaus
1521916257.jpg;1521916257;Fransenfledermaus
1521916490.jpg;1521916490;Fledermaus nicht bestimmbar
1521916785.jpg;1521916785;Langohrfledermaus
1521916810.jpg;1521916810;Fransenfledermaus
1521917145.jpg;1521917145;Fransenfledermaus
1521917249.jpg;1521917249;Fransenfledermaus
1521917879.jpg;1521917879;Langohrfledermaus
1521918248.jpg;1521918248;Fransenfledermaus
1521919314.jpg;1521919314;Fransenfledermaus
1521920039.jpg;1521920039;Langohrfledermaus
1521920130.jpg;1521920130;Bartfledermaus
1521920520.jpg;1521920520;Langohrfledermaus
1521920838.jpg;1521920838;Fransenfledermaus
1521920975.jpg;1521920975;Fransenfledermaus
1521921028.jpg;1521921028;Fransenfledermaus
1521921057.jpg;1521921057;Fransenfledermaus
1521921122.jpg;1521921122;Fransenfledermaus
1521921135.jpg;1521921135;Fransenfledermaus
1521921148.jpg;1521921148;Fransenfledermaus
1521921148.jpg;1521921148;Fransenfledermaus
1521921406.jpg;1521921406;Fransenfledermaus
1521921422.jpg;1521921422;Schwarzbild
1521921825.jpg;1521921825;Fransenfledermaus
1521922100.jpg;1521922100;Fransenfledermaus
1521922323.jpg;1521922323;Fransenfledermaus
1521922394.jpg;1521922394;Fransenfledermaus
1521922423.jpg;1521922423;Fransenfledermaus
1521922737.jpg;1521922737;Fransenfledermaus
1521923061.jpg;1521923061;Schwarzbild
1521923087.jpg;1521923087;Mausohr
1521923094.jpg;1521923094;Langohrfledermaus
1521923159.jpg;1521923159;Wasserfledermaus
1521923216.jpg;1521923216;Fransenfledermaus
1521923567.jpg;1521923567;Langohrfledermaus
1521924790.jpg;1521924790;Langohrfledermaus
1521924803.jpg;1521924803;Langohrfledermaus
1521924832.jpg;1521924832;Langohrfledermaus
1521925115.jpg;1521925115;Langohrfledermaus
1521925225.jpg;1521925225;Langohrfledermaus
1521925281.jpg;1521925281;Bartfledermaus
1521925326.jpg;1521925326;Schwarzbild
1521925345.jpg;1521925345;Langohrfledermaus
1521925727.jpg;1521925727;Langohrfledermaus
1521925826.jpg;1521925826;Fransenfledermaus
1521925826.jpg;1521925826;Bartfledermaus
1521925838.jpg;1521925838;Fledermaus nicht bestimmbar
1521926036.jpg;1521926036;Fransenfledermaus
1521927142.jpg;1521927142;Fransenfledermaus
1521927163.jpg;1521927163;Schwarzbild
1521927235.jpg;1521927235;Langohrfledermaus
1521927280.jpg;1521927280;Mausohr
1521927364.jpg;1521927364;Bartfledermaus
1521927391.jpg;1521927391;Fransenfledermaus
1521927543.jpg;1521927543;Mausohr
1521927617.jpg;1521927617;Fransenfledermaus
1521927742.jpg;1521927742;Mausohr
1521927780.jpg;1521927780;Langohrfledermaus
1521927828.jpg;1521927828;Fransenfledermaus
1521927969.jpg;1521927969;Fransenfledermaus
1521928200.jpg;1521928200;Langohrfledermaus
1521928247.jpg;1521928247;Langohrfledermaus
1521928714.jpg;1521928714;Mausohr
1521928770.jpg;1521928770;Langohrfledermaus
1521928770.jpg;1521928770;Langohrfledermaus
1521928784.jpg;1521928784;Langohrfledermaus
1521929409.jpg;1521929409;Bartfledermaus
1521929528.jpg;1521929528;Fransenfledermaus
1521929934.jpg;1521929934;Fransenfledermaus
1521929951.jpg;1521929951;Schwarzbild
1521929974.jpg;1521929974;Fransenfledermaus
1521930733.jpg;1521930733;Bartfledermaus
1521930912.jpg;1521930912;Fransenfledermaus
1521931144.jpg;1521931144;Fransenfledermaus
1521931173.jpg;1521931173;Bartfledermaus
1521931229.jpg;1521931229;Fransenfledermaus
1521931461.jpg;1521931461;Fransenfledermaus
1521931629.jpg;1521931629;Fransenfledermaus
1521931727.jpg;1521931727;Fransenfledermaus
1521931754.jpg;1521931754;Schwarzbild
1521931784.jpg;1521931784;Fransenfledermaus
1521931886.jpg;1521931886;Mausohr
1521931930.jpg;1521931930;Fransenfledermaus
1521932005.jpg;1521932005;Bartfledermaus
1521932259.jpg;1521932259;Langohrfledermaus
1521932428.jpg;1521932428;Fransenfledermaus
1521932578.jpg;1521932578;Wasserfledermaus
1521933008.jpg;1521933008;Fransenfledermaus
1521933271.jpg;1521933271;Bartfledermaus
1521933328.jpg;1521933328;Fransenfledermaus
1521933383.jpg;1521933383;Fransenfledermaus
1521933383.jpg;1521933383;Bartfledermaus
1521933471.jpg;1521933471;Fransenfledermaus
1521933602.jpg;1521933602;Schwarzbild
1521933621.jpg;1521933621;Langohrfledermaus
1521933730.jpg;1521933730;Bartfledermaus
1521934507.jpg;1521934507;Bartfledermaus
1521934514.jpg;1521934514;Langohrfledermaus
1521934669.jpg;1521934669;Bartfledermaus
1521934710.jpg;1521934710;Bartfledermaus
1521934801.jpg;1521934801;Bartfledermaus
1521934854.jpg;1521934854;Bartfledermaus
1521934973.jpg;1521934973;Fransenfledermaus
1521934990.jpg;1521934990;Bartfledermaus
1521935058.jpg;1521935058;Bartfledermaus
1521935084.jpg;1521935084;Fledermaus nicht bestimmbar
1521935132.jpg;1521935132;Bartfledermaus
1521935252.jpg;1521935252;Bartfledermaus
1521935285.jpg;1521935285;Fransenfledermaus
1521935341.jpg;1521935341;Bartfledermaus
1521935413.jpg;1521935413;Bartfledermaus
1521935498.jpg;1521935498;Fransenfledermaus
1521935561.jpg;1521935561;Bartfledermaus
1521935639.jpg;1521935639;Fransenfledermaus
1521935674.jpg;1521935674;Bartfledermaus
1521935741.jpg;1521935741;Bartfledermaus
1521935797.jpg;1521935797;Bartfledermaus
1521935825.jpg;1521935825;Fransenfledermaus
1521935980.jpg;1521935980;Fransenfledermaus
1521936090.jpg;1521936090;Fransenfledermaus
1521936097.jpg;1521936097;Bartfledermaus
1521936252.jpg;1521936252;Bartfledermaus
1521936486.jpg;1521936486;Fransenfledermaus
1521936560.jpg;1521936560;Bartfledermaus
1521936647.jpg;1521936647;Fransenfledermaus
1521936934.jpg;1521936934;Bartfledermaus
1521936988.jpg;1521936988;Bartfledermaus
1521937055.jpg;1521937055;Bartfledermaus
1521937091.jpg;1521937091;Fransenfledermaus
1521937144.jpg;1521937144;Bartfledermaus
1521937306.jpg;1521937306;Fransenfledermaus
1521937330.jpg;1521937330;Bartfledermaus
1521937354.jpg;1521937354;Schwarzbild
1521937584.jpg;1521937584;Fransenfledermaus
1521937757.jpg;1521937757;Langohrfledermaus
1521937779.jpg;1521937779;Bartfledermaus
1521937990.jpg;1521937990;Bartfledermaus
1521938085.jpg;1521938085;Bartfledermaus
1521938125.jpg;1521938125;Fransenfledermaus
1521938215.jpg;1521938215;Bartfledermaus
1521938233.jpg;1521938233;Fransenfledermaus
1521938295.jpg;1521938295;Fransenfledermaus
1521938317.jpg;1521938317;Bartfledermaus
1521938390.jpg;1521938390;Bartfledermaus
1521938848.jpg;1521938848;Bartfledermaus
1521938913.jpg;1521938913;Bartfledermaus
1521939041.jpg;1521939041;Bartfledermaus
1521939100.jpg;1521939100;Fransenfledermaus
1521939229.jpg;1521939229;Bartfledermaus
1521939320.jpg;1521939320;Bartfledermaus
1521939591.jpg;1521939591;Bartfledermaus
1521939829.jpg;1521939829;Fransenfledermaus
1521939907.jpg;1521939907;Schwarzbild
1521939999.jpg;1521939999;Bartfledermaus
1521940092.jpg;1521940092;Fransenfledermaus
1521940202.jpg;1521940202;Fransenfledermaus
1521940271.jpg;1521940271;Bartfledermaus
1521940420.jpg;1521940420;Fransenfledermaus
1521940559.jpg;1521940559;Bartfledermaus
1521940641.jpg;1521940641;Bartfledermaus
1521940660.jpg;1521940660;Schwarzbild
1521940913.jpg;1521940913;Fransenfledermaus
1521941098.jpg;1521941098;Bartfledermaus
1521941139.jpg;1521941139;Schwarzbild
1521941415.jpg;1521941415;Bartfledermaus
1521941514.jpg;1521941514;Fransenfledermaus
1521941579.jpg;1521941579;Bartfledermaus
1521941589.jpg;1521941589;Fransenfledermaus
1521941763.jpg;1521941763;Bartfledermaus
1521942017.jpg;1521942017;Bartfledermaus
1521942221.jpg;1521942221;Bartfledermaus
1521942245.jpg;1521942245;Bartfledermaus
1521942252.jpg;1521942252;Fransenfledermaus
1521942293.jpg;1521942293;Fransenfledermaus
1521942293.jpg;1521942293;Bartfledermaus
1521942340.jpg;1521942340;Bartfledermaus
1521942385.jpg;1521942385;Fransenfledermaus
1521942463.jpg;1521942463;Fransenfledermaus
1521942558.jpg;1521942558;Fransenfledermaus
1521942851.jpg;1521942851;Fransenfledermaus
1521942857.jpg;1521942857;Schwarzbild
1521943174.jpg;1521943174;Fransenfledermaus
1521943734.jpg;1521943734;Bartfledermaus
1521943827.jpg;1521943827;Fransenfledermaus
1521943909.jpg;1521943909;Mausohr
1521944111.jpg;1521944111;Bartfledermaus
1521944118.jpg;1521944118;Schwarzbild
1521944214.jpg;1521944214;Bartfledermaus
1521944223.jpg;1521944223;Fransenfledermaus
1521944383.jpg;1521944383;Fransenfledermaus
1521944383.jpg;1521944383;Bartfledermaus
1521944394.jpg;1521944394;Fledermaus nicht bestimmbar
1521944394.jpg;1521944394;Fledermaus nicht bestimmbar
1521944538.jpg;1521944538;Fransenfledermaus
1521944704.jpg;1521944704;Wasserfledermaus
1521944813.jpg;1521944813;Mausohr
1521945288.jpg;1521945288;Fransenfledermaus
1521945768.jpg;1521945768;Fransenfledermaus
1521946166.jpg;1521946166;Fransenfledermaus
1521946404.jpg;1521946404;Fransenfledermaus
1521946482.jpg;1521946482;Wasserfledermaus
1521946885.jpg;1521946885;Bartfledermaus
1521947046.jpg;1521947046;Bartfledermaus
1521947176.jpg;1521947176;Fransenfledermaus
1521947273.jpg;1521947273;Fransenfledermaus
1521947284.jpg;1521947284;Bartfledermaus
1521947584.jpg;1521947584;Fransenfledermaus
1521948371.jpg;1521948371;Mausohr
1521948394.jpg;1521948394;Wasserfledermaus
1521948440.jpg;1521948440;Schwarzbild
1521948826.jpg;1521948826;Bechsteinfledermaus
1521948941.jpg;1521948941;Mausohr
1521949102.jpg;1521949102;Fransenfledermaus
1521949250.jpg;1521949250;Fransenfledermaus
1521949275.jpg;1521949275;Fransenfledermaus
1521949376.jpg;1521949376;Schwarzbild
1521950163.jpg;1521950163;Mausohr
1521950594.jpg;1521950594;Fransenfledermaus
1521950798.jpg;1521950798;Fransenfledermaus
1521951132.jpg;1521951132;Fransenfledermaus
1521951140.jpg;1521951140;Schwarzbild
1521952016.jpg;1521952016;Fransenfledermaus
1521952023.jpg;1521952023;Schwarzbild
1521952225.jpg;1521952225;Fransenfledermaus
1521952349.jpg;1521952349;Fransenfledermaus
1521952485.jpg;1521952485;Bartfledermaus
1521952620.jpg;1521952620;Fransenfledermaus
1521952685.jpg;1521952685;Fransenfledermaus
1521952787.jpg;1521952787;Mausohr
1521952964.jpg;1521952964;Mausohr
1521953253.jpg;1521953253;Wasserfledermaus
1521954427.jpg;1521954427;Fransenfledermaus
1521954445.jpg;1521954445;Schwarzbild
1521954823.jpg;1521954823;Wasserfledermaus
1521954941.jpg;1521954941;Mausohr
1521955008.jpg;1521955008;Fransenfledermaus
1521955186.jpg;1521955186;Fransenfledermaus
1521955270.jpg;1521955270;Fransenfledermaus
1521955460.jpg;1521955460;Fransenfledermaus
1521955460.jpg;1521955460;Fransenfledermaus
1521955467.jpg;1521955467;Fransenfledermaus
1521955605.jpg;1521955605;Bartfledermaus
1521955619.jpg;1521955619;Bartfledermaus
1521955932.jpg;1521955932;Mausohr
1521956013.jpg;1521956013;Mausohr
1521956099.jpg;1521956099;Fledermaus nicht bestimmbar
1521956290.jpg;1521956290;Fransenfledermaus
1521956848.jpg;1521956848;Fransenfledermaus
1521956941.jpg;1521956941;Fransenfledermaus
1521957311.jpg;1521957311;Bartfledermaus
1521957334.jpg;1521957334;Mausohr
1521957505.jpg;1521957505;Fransenfledermaus
1521957522.jpg;1521957522;Mausohr
1521957531.jpg;1521957531;Mausohr
1521957690.jpg;1521957690;Mausohr
1521957714.jpg;1521957714;Bechsteinfledermaus
1521958660.jpg;1521958660;Fransenfledermaus
1521958761.jpg;1521958761;Mausohr
1521958806.jpg;1521958806;Mausohr
1521958871.jpg;1521958871;Fransenfledermaus
1521958928.jpg;1521958928;Bartfledermaus
1521958928.jpg;1521958928;Bartfledermaus
1521959184.jpg;1521959184;Mausohr
1521959224.jpg;1521959224;Fransenfledermaus
1521959247.jpg;1521959247;Bartfledermaus
1521959531.jpg;1521959531;Fransenfledermaus
1521959572.jpg;1521959572;Fransenfledermaus
1521959929.jpg;1521959929;Bartfledermaus
1521960321.jpg;1521960321;Bechsteinfledermaus
1521960594.jpg;1521960594;Mausohr
1521960669.jpg;1521960669;Wasserfledermaus
1521961149.jpg;1521961149;Fransenfledermaus
1521961192.jpg;1521961192;Fransenfledermaus
1521961619.jpg;1521961619;Fransenfledermaus
1521961704.jpg;1521961704;Fransenfledermaus
1521961704.jpg;1521961704;Fledermaus nicht bestimmbar
1521961836.jpg;1521961836;Bartfledermaus
1521962165.jpg;1521962165;Mausohr
1521962171.jpg;1521962171;Fransenfledermaus
1521962631.jpg;1521962631;Bartfledermaus
1521962631.jpg;1521962631;Bartfledermaus
1521962637.jpg;1521962637;Schwarzbild
1521962659.jpg;1521962659;Wasserfledermaus
1521962783.jpg;1521962783;Fransenfledermaus
1521963094.jpg;1521963094;Mausohr
1521963178.jpg;1521963178;Fransenfledermaus
1521963218.jpg;1521963218;Schwarzbild
1521963273.jpg;1521963273;Bartfledermaus
1521963399.jpg;1521963399;Bartfledermaus
1521963463.jpg;1521963463;Bartfledermaus
1521963515.jpg;1521963515;Mausohr
1521963515.jpg;1521963515;Bartfledermaus
1521963626.jpg;1521963626;Fransenfledermaus
1521963701.jpg;1521963701;Fledermaus nicht bestimmbar
1521963732.jpg;1521963732;Fransenfledermaus
1521963824.jpg;1521963824;Bartfledermaus
1521963836.jpg;1521963836;Fransenfledermaus
1521963962.jpg;1521963962;Fransenfledermaus
1521963962.jpg;1521963962;Fransenfledermaus
1521964381.jpg;1521964381;Mausohr
1521965093.jpg;1521965093;Bartfledermaus
1521965978.jpg;1521965978;Bechsteinfledermaus
1521966115.jpg;1521966115;Mausohr
1521966417.jpg;1521966417;Mausohr
1521966886.jpg;1521966886;Mausohr
1521967194.jpg;1521967194;Fransenfledermaus
1521967215.jpg;1521967215;Fledermaus nicht bestimmbar
1521967354.jpg;1521967354;Wasserfledermaus
1521967499.jpg;1521967499;Fransenfledermaus
1521967637.jpg;1521967637;Mausohr
1521967706.jpg;1521967706;Mausohr
1521967855.jpg;1521967855;Fransenfledermaus
1521967916.jpg;1521967916;Fransenfledermaus
1521968431.jpg;1521968431;Bartfledermaus
1521968439.jpg;1521968439;Bartfledermaus
1521968450.jpg;1521968450;Bartfledermaus
1521968510.jpg;1521968510;Bartfledermaus
1521968542.jpg;1521968542;Fransenfledermaus
1521968616.jpg;1521968616;Fransenfledermaus
1521968826.jpg;1521968826;Fransenfledermaus
1521968943.jpg;1521968943;Fransenfledermaus
1521969111.jpg;1521969111;Fransenfledermaus
1521969606.jpg;1521969606;Fransenfledermaus
1521969646.jpg;1521969646;Fransenfledermaus
1521969815.jpg;1521969815;Fransenfledermaus
1521969842.jpg;1521969842;Mausohr
1521970257.jpg;1521970257;Fransenfledermaus
1521970333.jpg;1521970333;Fransenfledermaus
1521970572.jpg;1521970572;Fransenfledermaus
1521971840.jpg;1521971840;Fransenfledermaus
1521971969.jpg;1521971969;Fransenfledermaus
1521972044.jpg;1521972044;Bechsteinfledermaus
1521972091.jpg;1521972091;Fransenfledermaus
1521972624.jpg;1521972624;Mausohr
1521972884.jpg;1521972884;Mausohr
1521973358.jpg;1521973358;Fransenfledermaus
1521974805.jpg;1521974805;Fransenfledermaus
1521975013.jpg;1521975013;Fransenfledermaus
1521975512.jpg;1521975512;Fransenfledermaus
1521975704.jpg;1521975704;Fransenfledermaus
1521975821.jpg;1521975821;Fransenfledermaus
1521975881.jpg;1521975881;Schwarzbild
1521977347.jpg;1521977347;Bartfledermaus
1521977517.jpg;1521977517;Mausohr
1521978079.jpg;1521978079;Fledermaus nicht bestimmbar
1521978487.jpg;1521978487;Mausohr
1521980324.jpg;1521980324;Bechsteinfledermaus
1521981259.jpg;1521981259;Fransenfledermaus
1521981607.jpg;1521981607;Mausohr
1521982571.jpg;1521982571;Mausohr
1521982598.jpg;1521982598;Fransenfledermaus
1521982891.jpg;1521982891;Fransenfledermaus
1521984105.jpg;1521984105;Fransenfledermaus
1521984304.jpg;1521984304;Bartfledermaus
1521984344.jpg;1521984344;Fransenfledermaus
1521984551.jpg;1521984551;Schwarzbild
1521986349.jpg;1521986349;Mausohr
1521987021.jpg;1521987021;Bechsteinfledermaus
1521987049.jpg;1521987049;Mausohr
1521987267.jpg;1521987267;Fransenfledermaus
1521988218.jpg;1521988218;Bartfledermaus
1521988251.jpg;1521988251;Fransenfledermaus
1521989046.jpg;1521989046;Fransenfledermaus
1521989207.jpg;1521989207;Fransenfledermaus
1521989329.jpg;1521989329;Bechsteinfledermaus
1521989548.jpg;1521989548;Bartfledermaus
1521989738.jpg;1521989738;Fransenfledermaus
1521989948.jpg;1521989948;Fransenfledermaus
1521990488.jpg;1521990488;Fransenfledermaus
1521991084.jpg;1521991084;Fransenfledermaus
1521991239.jpg;1521991239;Mausohr
1521991269.jpg;1521991269;Schwarzbild
1521992097.jpg;1521992097;Fransenfledermaus
1521992118.jpg;1521992118;Fledermaus nicht bestimmbar
1521992765.jpg;1521992765;Mausohr
1521992910.jpg;1521992910;Mausohr
1521993252.jpg;1521993252;Fransenfledermaus
1521993602.jpg;1521993602;Fransenfledermaus
1521993830.jpg;1521993830;Fledermaus nicht bestimmbar
1521993960.jpg;1521993960;Fransenfledermaus
1521993979.jpg;1521993979;Fransenfledermaus
1521994024.jpg;1521994024;Mausohr
1521994047.jpg;1521994047;Fransenfledermaus
1521994047.jpg;1521994047;Fransenfledermaus
1521994381.jpg;1521994381;Fransenfledermaus
1521994688.jpg;1521994688;Fransenfledermaus
1521995367.jpg;1521995367;Fransenfledermaus
1521995396.jpg;1521995396;Fransenfledermaus
1521996860.jpg;1521996860;Bechsteinfledermaus
1521997173.jpg;1521997173;Mausohr
1521997955.jpg;1521997955;Mausohr
1521998458.jpg;1521998458;Bartfledermaus
1521998648.jpg;1521998648;Fledermaus nicht bestimmbar
1521998732.jpg;1521998732;Mausohr
1521999302.jpg;1521999302;Fransenfledermaus
1521999573.jpg;1521999573;Fransenfledermaus
1521999735.jpg;1521999735;Mausohr
1521999808.jpg;1521999808;Mausohr
1522000302.jpg;1522000302;Mausohr
1522000330.jpg;1522000330;Fransenfledermaus
1522000867.jpg;1522000867;Langohrfledermaus
1522001354.jpg;1522001354;Bartfledermaus
1522001372.jpg;1522001372;Langohrfledermaus
1522001515.jpg;1522001515;Große Hufeisennase
1522001616.jpg;1522001616;Langohrfledermaus
1522001674.jpg;1522001674;Bartfledermaus
1522001783.jpg;1522001783;Fransenfledermaus
1522001839.jpg;1522001839;Bartfledermaus
1522001905.jpg;1522001905;Bartfledermaus
1522002027.jpg;1522002027;Bartfledermaus
1522002096.jpg;1522002096;Langohrfledermaus
1522002137.jpg;1522002137;Bartfledermaus
1522002164.jpg;1522002164;Fransenfledermaus
1522002269.jpg;1522002269;Bartfledermaus
1522002370.jpg;1522002370;Fransenfledermaus
1522002402.jpg;1522002402;Mausohr
1522002523.jpg;1522002523;Bartfledermaus
1522002580.jpg;1522002580;Fransenfledermaus
1522002684.jpg;1522002684;Bartfledermaus
1522002815.jpg;1522002815;Schwarzbild
1522002881.jpg;1522002881;Bartfledermaus
1522003301.jpg;1522003301;Fransenfledermaus
1522003501.jpg;1522003501;Bechsteinfledermaus
1522003559.jpg;1522003559;Fransenfledermaus
1522003888.jpg;1522003888;Bartfledermaus
1522004016.jpg;1522004016;Bartfledermaus
1522004067.jpg;1522004067;Fransenfledermaus
1522004178.jpg;1522004178;Fransenfledermaus
1522004209.jpg;1522004209;Mausohr
1522004815.jpg;1522004815;Fransenfledermaus
1522004905.jpg;1522004905;Langohrfledermaus
1522004925.jpg;1522004925;Bartfledermaus
1522005086.jpg;1522005086;Bartfledermaus
1522005433.jpg;1522005433;Langohrfledermaus
1522005589.jpg;1522005589;Mausohr
1522005594.jpg;1522005594;Schwarzbild
1522005619.jpg;1522005619;Fransenfledermaus
1522005689.jpg;1522005689;Langohrfledermaus
1522006124.jpg;1522006124;Fransenfledermaus
1522006306.jpg;1522006306;Mausohr
1522006479.jpg;1522006479;Langohrfledermaus
1522006615.jpg;1522006615;Mausohr
1522006694.jpg;1522006694;Mausohr
1522006818.jpg;1522006818;Langohrfledermaus
1522006863.jpg;1522006863;Fransenfledermaus
1522007106.jpg;1522007106;Fransenfledermaus
1522007900.jpg;1522007900;Bartfledermaus
1522008027.jpg;1522008027;Bartfledermaus
1522008269.jpg;1522008269;Fransenfledermaus
1522008584.jpg;1522008584;Fransenfledermaus
1522009589.jpg;1522009589;Fransenfledermaus
1522010172.jpg;1522010172;Fransenfledermaus
1522010802.jpg;1522010802;Bartfledermaus
1522010866.jpg;1522010866;Bartfledermaus
1522010924.jpg;1522010924;Fransenfledermaus
1522010982.jpg;1522010982;Bartfledermaus
1522011164.jpg;1522011164;Bartfledermaus
1522011201.jpg;1522011201;Langohrfledermaus
1522011222.jpg;1522011222;Bartfledermaus
1522011493.jpg;1522011493;Bartfledermaus
1522011509.jpg;1522011509;Bartfledermaus
1522011519.jpg;1522011519;Schwarzbild
1522011557.jpg;1522011557;Bartfledermaus
1522011930.jpg;1522011930;Bartfledermaus
1522012263.jpg;1522012263;Bartfledermaus
1522012426.jpg;1522012426;Bartfledermaus
1522013808.jpg;1522013808;Fransenfledermaus
1522014004.jpg;1522014004;Bartfledermaus
1522014726.jpg;1522014726;Langohrfledermaus
1522015664.jpg;1522015664;Fransenfledermaus
1522015681.jpg;1522015681;Schwarzbild
1522015736.jpg;1522015736;Bartfledermaus
1522016180.jpg;1522016180;Fransenfledermaus
1522016194.jpg;1522016194;Bartfledermaus
1522016311.jpg;1522016311;Langohrfledermaus
1522016408.jpg;1522016408;Bartfledermaus
1522016969.jpg;1522016969;Mausohr
1522017033.jpg;1522017033;Bartfledermaus
1522017236.jpg;1522017236;Mausohr
1522017415.jpg;1522017415;Bartfledermaus
1522018591.jpg;1522018591;Langohrfledermaus
1522019067.jpg;1522019067;Mausohr
1522020086.jpg;1522020086;Fransenfledermaus
1522020128.jpg;1522020128;Fransenfledermaus
1522021705.jpg;1522021705;Fransenfledermaus
1522022184.jpg;1522022184;Langohrfledermaus
1522022606.jpg;1522022606;Fransenfledermaus
1522023368.jpg;1522023368;Mausohr
1522024205.jpg;1522024205;Fransenfledermaus
1522025274.jpg;1522025274;Langohrfledermaus
1522025769.jpg;1522025769;Mausohr
1522027125.jpg;1522027125;Langohrfledermaus
1522027462.jpg;1522027462;Schwarzbild
1522027471.jpg;1522027471;Langohrfledermaus
1522027522.jpg;1522027522;Langohrfledermaus
1522027576.jpg;1522027576;Langohrfledermaus
1522028280.jpg;1522028280;Langohrfledermaus
1522028690.jpg;1522028690;Fransenfledermaus
1522028990.jpg;1522028990;Fransenfledermaus
1522029004.jpg;1522029004;Fransenfledermaus
1522029396.jpg;1522029396;Fransenfledermaus
1522029426.jpg;1522029426;Schwarzbild
1522029876.jpg;1522029876;Fransenfledermaus
1522030046.jpg;1522030046;Langohrfledermaus
1522030070.jpg;1522030070;Bartfledermaus
1522030392.jpg;1522030392;Langohrfledermaus
1522030444.jpg;1522030444;Fransenfledermaus
1522030513.jpg;1522030513;Bartfledermaus
1522030699.jpg;1522030699;Bartfledermaus
1522030818.jpg;1522030818;Bartfledermaus
1522031035.jpg;1522031035;Bartfledermaus
1522031067.jpg;1522031067;Bartfledermaus
1522031078.jpg;1522031078;Bartfledermaus
1522031105.jpg;1522031105;Bartfledermaus
1522031142.jpg;1522031142;Bartfledermaus
1522031349.jpg;1522031349;Bartfledermaus
1522031393.jpg;1522031393;Bartfledermaus
1522031430.jpg;1522031430;Bartfledermaus
1522031510.jpg;1522031510;Bartfledermaus
1522031562.jpg;1522031562;Bartfledermaus
1522031581.jpg;1522031581;Bartfledermaus
1522031666.jpg;1522031666;Fransenfledermaus
1522031678.jpg;1522031678;Fledermaus nicht bestimmbar
1522031739.jpg;1522031739;Fransenfledermaus
1522031804.jpg;1522031804;Bartfledermaus
1522031849.jpg;1522031849;Bartfledermaus
1522031879.jpg;1522031879;Bartfledermaus
1522031909.jpg;1522031909;Bartfledermaus
1522031971.jpg;1522031971;Bartfledermaus
1522032011.jpg;1522032011;Bartfledermaus
1522032349.jpg;1522032349;Bartfledermaus
1522032388.jpg;1522032388;Bartfledermaus
1522032454.jpg;1522032454;Bartfledermaus
1522032473.jpg;1522032473;Schwarzbild
1522032481.jpg;1522032481;Bartfledermaus
1522032741.jpg;1522032741;Bartfledermaus
1522032779.jpg;1522032779;Bartfledermaus
1522032865.jpg;1522032865;Bartfledermaus
1522032881.jpg;1522032881;Langohrfledermaus
1522032928.jpg;1522032928;Bartfledermaus
1522032981.jpg;1522032981;Fransenfledermaus
1522033007.jpg;1522033007;Fledermaus nicht bestimmbar
1522033341.jpg;1522033341;Bartfledermaus
1522033373.jpg;1522033373;Bartfledermaus
1522033464.jpg;1522033464;Bartfledermaus
1522033702.jpg;1522033702;Bartfledermaus
1522033793.jpg;1522033793;Bartfledermaus
1522034278.jpg;1522034278;Bartfledermaus
1522034712.jpg;1522034712;Bartfledermaus
1522034761.jpg;1522034761;Bartfledermaus
1522035018.jpg;1522035018;Bartfledermaus
1522035266.jpg;1522035266;Langohrfledermaus
1522035296.jpg;1522035296;Mausohr
1522035543.jpg;1522035543;Bartfledermaus
1522036014.jpg;1522036014;Langohrfledermaus
1522036157.jpg;1522036157;Bartfledermaus
1522036457.jpg;1522036457;Fledermaus nicht bestimmbar
1522036487.jpg;1522036487;Bartfledermaus
1522037089.jpg;1522037089;Fransenfledermaus
1522037451.jpg;1522037451;Langohrfledermaus
1522037544.jpg;1522037544;Mausohr
1522037633.jpg;1522037633;Fransenfledermaus
1522037652.jpg;1522037652;Schwarzbild
1522037772.jpg;1522037772;Langohrfledermaus
1522037979.jpg;1522037979;Bartfledermaus
1522038517.jpg;1522038517;Langohrfledermaus
1522038692.jpg;1522038692;Langohrfledermaus
1522038920.jpg;1522038920;Bartfledermaus
1522039554.jpg;1522039554;Bartfledermaus
1522039874.jpg;1522039874;Langohrfledermaus
1522040062.jpg;1522040062;Fransenfledermaus
1522040365.jpg;1522040365;Langohrfledermaus
1522040390.jpg;1522040390;Langohrfledermaus
1522040399.jpg;1522040399;Langohrfledermaus
1522040601.jpg;1522040601;Langohrfledermaus
1522040981.jpg;1522040981;Langohrfledermaus
1522041114.jpg;1522041114;Bartfledermaus
1522041325.jpg;1522041325;Mausohr
1522041394.jpg;1522041394;Mausohr
1522041525.jpg;1522041525;Mausohr
1522043562.jpg;1522043562;Bartfledermaus
1522043609.jpg;1522043609;Bartfledermaus
1522045062.jpg;1522045062;Fransenfledermaus
1522045093.jpg;1522045093;Schwarzbild
1522046457.jpg;1522046457;Fransenfledermaus
1522047005.jpg;1522047005;Fransenfledermaus
1522047018.jpg;1522047018;Fledermaus nicht bestimmbar
1522047398.jpg;1522047398;Mausohr
1522048285.jpg;1522048285;Fransenfledermaus
1522048939.jpg;1522048939;Fransenfledermaus
1522050302.jpg;1522050302;Mausohr
1522050721.jpg;1522050721;Fransenfledermaus
1522051319.jpg;1522051319;Fransenfledermaus
1522051573.jpg;1522051573;Fransenfledermaus
1522051590.jpg;1522051590;Schwarzbild
1522052175.jpg;1522052175;Mausohr
1522053665.jpg;1522053665;Mausohr
1522054353.jpg;1522054353;Bartfledermaus
1522054812.jpg;1522054812;Schwarzbild
1522055010.jpg;1522055010;Fledermaus nicht bestimmbar
1522055126.jpg;1522055126;Bartfledermaus
1522055135.jpg;1522055135;Bartfledermaus
1522056014.jpg;1522056014;Fransenfledermaus
1522056034.jpg;1522056034;Fledermaus nicht bestimmbar
1522056183.jpg;1522056183;Mausohr
1522056405.jpg;1522056405;Fransenfledermaus
1522056458.jpg;1522056458;Fransenfledermaus
1522059236.jpg;1522059236;Fransenfledermaus
1522059314.jpg;1522059314;Mausohr
1522059330.jpg;1522059330;Fledermaus nicht bestimmbar
1522060197.jpg;1522060197;Mausohr
1522060378.jpg;1522060378;Schwarzbild
1522061470.jpg;1522061470;Mausohr
1522066295.jpg;1522066295;Fransenfledermaus
1522066920.jpg;1522066920;Fransenfledermaus
1522067386.jpg;1522067386;Wasserfledermaus
1522067451.jpg;1522067451;Bartfledermaus
1522068294.jpg;1522068294;Fransenfledermaus
1522068303.jpg;1522068303;Fledermaus nicht bestimmbar
1522068346.jpg;1522068346;Fransenfledermaus
1522071892.jpg;1522071892;Fransenfledermaus
1522071909.jpg;1522071909;Wasserfledermaus